[
  {
    "Id": 1,
    "Title" : "MaXXXine",
    "Genre": 9,
    "Description": "In 1980s Hollywood, adult film star and aspiring actress Maxine Minx finally gets her big break. But as a mysterious killer stalks the starlets of Hollywood, a trail of blood threatens to reveal her sinister past."
  },
  {
    "Id": 2,
    "Title": "Despicable Me 4",
    "Genre": 1,
    "Description": "Gru, Lucy, Margo, Edith, and Agnes welcome a new member to the family, Gru Jr., who is intent on tormenting his dad. Gru faces a new nemesis in Maxime Le Mal and his girlfriend Valentina, and the family is forced to go on the run."
  },
  {
    "Id": 3,
    "Title": "The Garfield Movie",
    "Genre": 1,
    "Description": "After Garfield's unexpected reunion with his long-lost father, ragged alley cat Vic, he and his canine friend Odie are forced from their perfectly pampered lives to join Vic on a risky heist."
  },
  {
    "Id": 4,
    "Title": "Le comte de Monte-Cristo",
    "Genre": 4,
    "Description": "A new adaptation of the famous novel by Alexandre Dumas."
  },
  {
    "Id": 5,
    "Title": "Kingdom of the Planet of the Apes",
    "Genre": 2,
    "Description": "Many years after the reign of Caesar, a young ape goes on a journey that will lead him to question everything he's been taught about the past and make choices that will define a future for apes and humans alike."
  },
  {
    "Id": 6,
    "Title": "Bad Boys: Ride or Die",
    "Genre": 2,
    "Description": "This Summer, the world's favorite Bad Boys are back with their iconic mix of edge-of-your seat action and outrageous comedy but this time with a twist: Miami's finest are now on the run."
  },
  {
    "Id": 7,
    "Title": "Sound of Hope: The Story of Possum Trot",
    "Genre": 4,
    "Description": "The true story of Donna and Reverend WC Martin and their church in East Texas, in which 22 families adopted 77 children from the local foster system, igniting a movement for vulnerable children everywhere."
  },
  {
    "Id": 8,
    "Title": "A Quiet Place: Day One",
    "Genre": 6,
    "Description": "A young woman named Sam finds herself trapped in New York City during the early stages of an invasion by alien creatures with ultra-sensitive hearing."
  },
  {
    "Id": 9,
    "Title": "Fly Me to the Moon",
    "Genre": 10,
    "Description": "Marketing maven Kelly Jones wreaks havoc on launch director Cole Davis's already difficult task. When the White House deems the mission too important to fail, the countdown truly begins."
  }
]
