[
  {
    "Id": 1,
    "UserName": "john_doe",
    "FirstName": "John",
    "LastName": "Doe"
  },
  {
    "Id": 2,
    "UserName": "jane_smith",
    "FirstName": "Jane",
    "LastName": "Smith"
  },
  {
    "Id": 3,
    "UserName": "alice_johnson",
    "FirstName": "Alice",
    "LastName": "Johnson"
  },
  {
    "Id": 4,
    "UserName": "bob_brown",
    "FirstName": "Bob",
    "LastName": "Brown"
  },
  {
    "Id": 5,
    "UserName": "charlie_davis",
    "FirstName": "Charlie",
    "LastName": "Davis"
  },
  {
    "Id": 6,
    "UserName": "david_wilson",
    "FirstName": "David",
    "LastName": "Wilson"
  },
  {
    "Id": 7,
    "UserName": "emma_moore",
    "FirstName": "Emma",
    "LastName": "Moore"
  },
  {
    "Id": 8,
    "UserName": "frank_clark",
    "FirstName": "Frank",
    "LastName": "Clark"
  },
  {
    "Id": 9,
    "UserName": "grace_lee",
    "FirstName": "Grace",
    "LastName": "Lee"
  },
  {
    "Id": 10,
    "UserName": "henry_white",
    "FirstName": "Henry",
    "LastName": "White"
  }
]

